{
  "run_timestamp_local": "2026-06-19T20:10:53",
  "rows": 2503,
  "results": [
    {
      "name": "mlp_svd96",
      "accuracy": 0.43912175648702595,
      "macro_f1": 0.42091248279571314,
      "critical_recall": 0.4411764705882353,
      "weighted_f1": 0.4443585902096221,
      "report": {
        "<30min": {
          "precision": 0.39906103286384975,
          "recall": 0.5059523809523809,
          "f1-score": 0.4461942257217848,
          "support": 168.0
        },
        "30min-2hr": {
          "precision": 0.5706521739130435,
          "recall": 0.39622641509433965,
          "f1-score": 0.46770601336302897,
          "support": 265.0
        },
        "2hr+": {
          "precision": 0.28846153846153844,
          "recall": 0.4411764705882353,
          "f1-score": 0.3488372093023256,
          "support": 68.0
        },
        "accuracy": 0.43912175648702595,
        "macro avg": {
          "precision": 0.41939158174614394,
          "recall": 0.4477850888783186,
          "f1-score": 0.42091248279571314,
          "support": 501.0
        },
        "weighted avg": {
          "precision": 0.47481130583526526,
          "recall": 0.43912175648702595,
          "f1-score": 0.4443585902096221,
          "support": 501.0
        }
      },
      "confusion_matrix": [
        [
          85,
          58,
          25
        ],
        [
          111,
          105,
          49
        ],
        [
          17,
          21,
          30
        ]
      ]
    },
    {
      "name": "ft_transformer_tabular",
      "accuracy": 0.47704590818363274,
      "macro_f1": 0.441109230020833,
      "critical_recall": 0.5147058823529411,
      "weighted_f1": 0.47414207491402593,
      "report": {
        "<30min": {
          "precision": 0.3984375,
          "recall": 0.30357142857142855,
          "f1-score": 0.34459459459459457,
          "support": 168.0
        },
        "30min-2hr": {
          "precision": 0.5708955223880597,
          "recall": 0.5773584905660377,
          "f1-score": 0.574108818011257,
          "support": 265.0
        },
        "2hr+": {
          "precision": 0.3333333333333333,
          "recall": 0.5147058823529411,
          "f1-score": 0.4046242774566474,
          "support": 68.0
        },
        "accuracy": 0.47704590818363274,
        "macro avg": {
          "precision": 0.4342221185737977,
          "recall": 0.46521193383013576,
          "f1-score": 0.441109230020833,
          "support": 501.0
        },
        "weighted avg": {
          "precision": 0.48082131756387725,
          "recall": 0.47704590818363274,
          "f1-score": 0.47414207491402593,
          "support": 501.0
        }
      },
      "confusion_matrix": [
        [
          51,
          93,
          24
        ],
        [
          66,
          153,
          46
        ],
        [
          11,
          22,
          35
        ]
      ]
    }
  ],
  "best_by_accuracy": [
    {
      "name": "ft_transformer_tabular",
      "accuracy": 0.47704590818363274,
      "macro_f1": 0.441109230020833,
      "critical_recall": 0.5147058823529411,
      "weighted_f1": 0.47414207491402593,
      "report": {
        "<30min": {
          "precision": 0.3984375,
          "recall": 0.30357142857142855,
          "f1-score": 0.34459459459459457,
          "support": 168.0
        },
        "30min-2hr": {
          "precision": 0.5708955223880597,
          "recall": 0.5773584905660377,
          "f1-score": 0.574108818011257,
          "support": 265.0
        },
        "2hr+": {
          "precision": 0.3333333333333333,
          "recall": 0.5147058823529411,
          "f1-score": 0.4046242774566474,
          "support": 68.0
        },
        "accuracy": 0.47704590818363274,
        "macro avg": {
          "precision": 0.4342221185737977,
          "recall": 0.46521193383013576,
          "f1-score": 0.441109230020833,
          "support": 501.0
        },
        "weighted avg": {
          "precision": 0.48082131756387725,
          "recall": 0.47704590818363274,
          "f1-score": 0.47414207491402593,
          "support": 501.0
        }
      },
      "confusion_matrix": [
        [
          51,
          93,
          24
        ],
        [
          66,
          153,
          46
        ],
        [
          11,
          22,
          35
        ]
      ]
    },
    {
      "name": "mlp_svd96",
      "accuracy": 0.43912175648702595,
      "macro_f1": 0.42091248279571314,
      "critical_recall": 0.4411764705882353,
      "weighted_f1": 0.4443585902096221,
      "report": {
        "<30min": {
          "precision": 0.39906103286384975,
          "recall": 0.5059523809523809,
          "f1-score": 0.4461942257217848,
          "support": 168.0
        },
        "30min-2hr": {
          "precision": 0.5706521739130435,
          "recall": 0.39622641509433965,
          "f1-score": 0.46770601336302897,
          "support": 265.0
        },
        "2hr+": {
          "precision": 0.28846153846153844,
          "recall": 0.4411764705882353,
          "f1-score": 0.3488372093023256,
          "support": 68.0
        },
        "accuracy": 0.43912175648702595,
        "macro avg": {
          "precision": 0.41939158174614394,
          "recall": 0.4477850888783186,
          "f1-score": 0.42091248279571314,
          "support": 501.0
        },
        "weighted avg": {
          "precision": 0.47481130583526526,
          "recall": 0.43912175648702595,
          "f1-score": 0.4443585902096221,
          "support": 501.0
        }
      },
      "confusion_matrix": [
        [
          85,
          58,
          25
        ],
        [
          111,
          105,
          49
        ],
        [
          17,
          21,
          30
        ]
      ]
    }
  ],
  "best_by_macro_f1": [
    {
      "name": "ft_transformer_tabular",
      "accuracy": 0.47704590818363274,
      "macro_f1": 0.441109230020833,
      "critical_recall": 0.5147058823529411,
      "weighted_f1": 0.47414207491402593,
      "report": {
        "<30min": {
          "precision": 0.3984375,
          "recall": 0.30357142857142855,
          "f1-score": 0.34459459459459457,
          "support": 168.0
        },
        "30min-2hr": {
          "precision": 0.5708955223880597,
          "recall": 0.5773584905660377,
          "f1-score": 0.574108818011257,
          "support": 265.0
        },
        "2hr+": {
          "precision": 0.3333333333333333,
          "recall": 0.5147058823529411,
          "f1-score": 0.4046242774566474,
          "support": 68.0
        },
        "accuracy": 0.47704590818363274,
        "macro avg": {
          "precision": 0.4342221185737977,
          "recall": 0.46521193383013576,
          "f1-score": 0.441109230020833,
          "support": 501.0
        },
        "weighted avg": {
          "precision": 0.48082131756387725,
          "recall": 0.47704590818363274,
          "f1-score": 0.47414207491402593,
          "support": 501.0
        }
      },
      "confusion_matrix": [
        [
          51,
          93,
          24
        ],
        [
          66,
          153,
          46
        ],
        [
          11,
          22,
          35
        ]
      ]
    },
    {
      "name": "mlp_svd96",
      "accuracy": 0.43912175648702595,
      "macro_f1": 0.42091248279571314,
      "critical_recall": 0.4411764705882353,
      "weighted_f1": 0.4443585902096221,
      "report": {
        "<30min": {
          "precision": 0.39906103286384975,
          "recall": 0.5059523809523809,
          "f1-score": 0.4461942257217848,
          "support": 168.0
        },
        "30min-2hr": {
          "precision": 0.5706521739130435,
          "recall": 0.39622641509433965,
          "f1-score": 0.46770601336302897,
          "support": 265.0
        },
        "2hr+": {
          "precision": 0.28846153846153844,
          "recall": 0.4411764705882353,
          "f1-score": 0.3488372093023256,